{"Tracking/PSNR": 33.26728439331055, "Tracking/Depth RMSE": 0.0035828156396746635, "Tracking/Depth L1": 0.0035828156396746635, "Tracking/step": 999, "Tracking/Latest Pose Error": 0.0037508683744817972, "Tracking/Latest Relative Pose Error": 0.0006393116200342774, "Tracking/ATE RMSE": 0.003589, "_timestamp": 1702573618.601284, "_runtime": 10530.68463897705, "_step": 173927, "Per Iteration Mapping/Loss": 0.015469426289200783, "Per Iteration Mapping/Image Loss": 0.010928554460406303, "Per Iteration Mapping/Depth Loss": 0.004540871363133192, "Per Iteration Mapping/step": 64820, "Mapping/Number of Gaussians - Pruning": 4517526, "Mapping/step": 64821, "Mapping/PSNR": 34.79867172241211, "Mapping/Depth RMSE": 0.0035138744860887527, "Mapping/Depth L1": 0.0035138744860887527, "Per Iteration Tracking/Loss": 16891.056640625, "Per Iteration Tracking/Image Loss": 13843.142578125, "Per Iteration Tracking/Depth Loss": 3047.9140625, "Per Iteration Tracking/step": 43199, "Mapping/Number of Gaussians": 4517971, "_wandb": {"runtime": 10529}}