{"Tracking/PSNR": 33.36357498168945, "Tracking/Depth RMSE": 0.0036034013610333204, "Tracking/Depth L1": 0.0036034013610333204, "Tracking/step": 999, "Tracking/Latest Pose Error": 0.00450865738093853, "Tracking/Latest Relative Pose Error": 0.0006966291693970561, "Tracking/ATE RMSE": 0.004126, "_timestamp": 1702555503.467545, "_runtime": 10054.783303976059, "_step": 171351, "Per Iteration Mapping/Loss": 0.012845505960285664, "Per Iteration Mapping/Image Loss": 0.007989529520273209, "Per Iteration Mapping/Depth Loss": 0.004855976440012455, "Per Iteration Mapping/step": 63860, "Mapping/Number of Gaussians - Pruning": 4509861, "Mapping/step": 63861, "Mapping/PSNR": 34.9986686706543, "Mapping/Depth RMSE": 0.0034322314895689487, "Mapping/Depth L1": 0.0034322314895689487, "Per Iteration Tracking/Loss": 17131.07421875, "Per Iteration Tracking/Image Loss": 13658.951171875, "Per Iteration Tracking/Depth Loss": 3472.1220703125, "Per Iteration Tracking/step": 42559, "Mapping/Number of Gaussians": 4510297, "_wandb": {"runtime": 10052}}